0.0973264742583,0.225682961879,0.0878287645284,0.237371938433,-0.155728614475,0.314177321786,-0.0687554709345,0.246305258897,0
0.659721932426,0.586349520941,0.689823359677,0.576946875877,0.886900304571,0.556314276189,0.809033411456,0.595376517071,0
-0.818802656007,-0.878186359765,-0.84896866414,-0.852589668827,-0.860541332371,-0.884713450308,-0.848862733434,-0.864443335861,0
0.250136163139,0.449633924856,0.278418279899,0.421953990634,0.04900462745,0.514089645122,0.14649327001,0.429996548247,0
0.332532681859,0.118091497292,0.307529794812,0.13076486702,0.623123756251,0.0491809047725,0.480799819179,0.136408814939,0
-0.152055194334,-0.0902730019651,-0.138054160435,-0.084307714828,-0.289876918991,-0.109418948754,-0.224093211719,-0.118099728021,0
-0.742603075616,-0.62181500068,-0.75421992757,-0.655649375678,-0.836563610575,-0.561201333505,-0.803482116169,-0.635348640052,0
1.56894378533,1.36056613223,1.58527551456,1.41671550351,1.80949653382,1.3285523837,1.72509270656,1.43552912758,0
-1.53858551359,-1.35560972507,-1.54905887103,-1.4010479565,-1.79971997426,-1.31971489618,-1.70017534839,-1.41831524593,0
0.53825454306,0.485735573495,0.542531089124,0.505304896337,0.673683615589,0.464064858994,0.623709219079,0.508257873796,0
0.620847090849,0.518007975074,0.615434007636,0.51039242997,0.681040750447,0.464079255413,0.635239412304,0.497498405452,0
-0.886842233022,-0.752011649367,-0.891424062033,-0.748988711628,-1.02022894534,-0.685104394642,-0.951348858717,-0.740532404861,0
0.0994945278678,0.0702681693958,0.118260121264,0.0658098365262,0.135632653083,0.0597737294099,0.135169330512,0.0683918882984,0
0.904250187008,0.8133235708,0.891042958427,0.830436807571,1.00471085198,0.805214278443,0.938847963798,0.850576904812,0
-1.28595296923,-1.12513201014,-1.28373365796,-1.13825394636,-1.47779823492,-1.08608369313,-1.3705070538,-1.17029768401,0
0.946750380023,0.768803288932,0.942475659975,0.748941256246,1.15953944586,0.644937916591,1.02818285152,0.754413020784,0
-0.434896328168,-0.290801096524,-0.428838057596,-0.247637574197,-0.586465859345,-0.141072747362,-0.478565746242,-0.249591011881,0
0.277210095515,0.157982962416,0.269897467965,0.121995750091,0.369214472437,0.042424121763,0.294754557185,0.151120666473,0
-0.309813259938,-0.169547764359,-0.291313907311,-0.155881397445,-0.409517249441,-0.0665733242134,-0.330824111347,-0.19531774987,0
-0.0758942662741,-0.193232689752,-0.0971827585954,-0.174274435942,-0.00299855244136,-0.23156221203,-0.0539603583636,-0.127701036956,0
0.874350859647,0.872303085285,0.88323507295,0.824227643923,0.932366983964,0.77229219739,0.886153906088,0.769976002747,0
-1.26446479885,-1.13868436605,-1.27168518469,-1.09725480778,-1.4530124361,-0.977331934623,-1.329609895,-1.07631770357,0
0.75379432693,0.578129310841,0.768522801393,0.570349974381,0.981359730609,0.451381825892,0.845094614412,0.586696489064,0
0.117756349006,0.263607657002,0.11011536404,0.247810372558,-0.0498095009924,0.350896807407,0.0606563895803,0.248993937393,0
-0.432192782355,-0.479417591858,-0.436979340054,-0.451257823328,-0.410459514199,-0.485826918646,-0.45250193775,-0.475091711379,0
-0.138129982372,-0.167542509294,-0.129697830051,-0.204635684301,-0.049045855775,-0.263006259159,-0.0667169201473,-0.195399097281,0
1.01210325938,0.985425483001,1.0029242463,1.01608867856,0.999475650796,1.05925005822,0.974876108442,1.01580715923,0
-1.21232412757,-1.0718217674,-1.21598440562,-1.0920950844,-1.37335338011,-1.04897279838,-1.26539972898,-1.09097438515,0
0.352073080354,0.205643999679,0.386599875248,0.230503864882,0.558591600612,0.165407328279,0.455679428269,0.237255813974,0
0.94203798495,0.976254999431,0.898068878289,0.952255577256,0.859038160927,0.995941558203,0.888814615159,0.971481025322,0
-1.72314793431,-1.61919258906,-1.71397845664,-1.61585180769,-1.83323327097,-1.6344975751,-1.79493684345,-1.68919976389,0
1.560866566,1.36257941309,1.59824866844,1.37786114178,1.831128634,1.33164028183,1.74194734811,1.45798240649,0
-0.642859812696,-0.464802391157,-0.703959895994,-0.489883668084,-0.905578098489,-0.404381837161,-0.822464998592,-0.535162115842,0
-0.457158661044,-0.504430198871,-0.411642695433,-0.472635546592,-0.401195677948,-0.507283769227,-0.406599201983,-0.456859613414,0
1.07818391266,1.01533983665,1.09071722183,0.994129772761,1.23873085,0.993078147817,1.18874264694,1.02238700601,0
-0.890402926163,-0.802224341464,-0.960882795376,-0.802716077041,-1.12438252374,-0.826439952386,-1.07504580856,-0.87709226239,0
0.101067949933,-0.000749991310639,0.172088785197,0.000615644973046,0.312160396701,0.011707169353,0.242060670981,0.061809608382,0
0.718465002193,0.848252028747,0.694273267398,0.86177701539,0.564975806147,0.890045871474,0.676306782128,0.845028080966,0
-0.895221468223,-1.02584236961,-0.9156141183,-1.04492084297,-0.814045693057,-1.07000131144,-0.925611323448,-1.0492947938,0
0.102943573955,0.197850565668,0.150828907337,0.221144677081,0.0731877185141,0.246239658414,0.151578296029,0.254483774666,0
1.12427094326,1.11664608467,1.06583770343,1.08438108718,1.09254853688,1.0530672515,1.07658520804,1.01245162987,0
-1.70264299772,-1.81785046354,-1.65522110777,-1.78566904548,-1.57065421322,-1.7993249591,-1.64317023623,-1.72037195613,0
1.09050318744,1.23506813768,1.05742767961,1.20438428606,0.942914300915,1.23239237164,1.02612779464,1.16505683797,0
0.225164846573,0.203819063778,0.251523068594,0.234434778059,0.232729238723,0.286161617006,0.262869645703,0.277238361251,0
-1.23518814547,-1.34338804986,-1.23981883338,-1.34448627416,-1.10813290898,-1.44222401071,-1.23607259878,-1.38617352793,0
1.22355925219,1.34257918967,1.1928287805,1.28726743025,1.09863583608,1.34101969275,1.20872300483,1.31025609624,0
-0.380598498761,-0.432953343106,-0.330608993569,-0.342623760453,-0.327131253483,-0.363679723183,-0.360292844026,-0.359267843699,0
-0.346666716565,-0.363740442238,-0.404447916264,-0.453293495974,-0.35256873616,-0.435308566085,-0.396643462265,-0.457733553476,0
0.302314704291,0.331171749248,0.372400312277,0.40191844711,0.341258562699,0.375657788812,0.4166127295,0.446008625177,0
0.191927101682,0.248073053048,0.122530019817,0.211936001603,0.0167572181812,0.309083072932,0.0122941911551,0.181493314485,0
-0.374713027374,-0.520232559876,-0.327444146409,-0.523377357491,-0.0917093240725,-0.687021537091,-0.187894639417,-0.547164989236,0
-0.128688101751,-0.0265892420527,-0.147851169959,-0.00097334571254,-0.325354901132,0.0945552528192,-0.235324426342,0.0284719855168,0
1.05690186303,1.09373705358,1.04247042921,1.05363274593,1.03999874036,1.08273284604,1.03870961781,1.05666217663,0
-1.74593280812,-1.88734881733,-1.6998938973,-1.83448723636,-1.56674019254,-1.91490814773,-1.6354138808,-1.85659956123,0
1.67604085142,1.84918379319,1.6305355121,1.80980273441,1.43890263948,1.90672455207,1.54553464875,1.8522848881,0
-0.94222727549,-1.08497833665,-0.924244305827,-1.08124479753,-0.738495921371,-1.18764019756,-0.846061224404,-1.13078244372,0
0.095615414878,0.17884027004,0.0954511990798,0.195756391202,-0.02775797425,0.277129773197,0.0400698673385,0.203536139771,0
0.379051074251,0.301721781813,0.374018384932,0.283752643269,0.488202129366,0.195381928847,0.422196448304,0.313147437738,0
-0.270269811644,-0.15106818975,-0.258372486153,-0.138317064905,-0.430847302703,-0.00412402757508,-0.313016597033,-0.158960579987,0
-0.305097018001,-0.389730236163,-0.322577613559,-0.38683141475,-0.187013832457,-0.474532854611,-0.296087442056,-0.370541077075,0
0.895997308057,0.853692019825,0.925753070779,0.837564610208,0.942175746223,0.799495736216,0.95793743943,0.81496784597,0
-1.12439398297,-0.98423908332,-1.17840245686,-0.977298819034,-1.30757218348,-0.883123343425,-1.24368466623,-0.976763344147,0
1.04495593466,0.897145570554,1.10299649452,0.901045660451,1.25930674682,0.82878910327,1.16472201581,0.917614923174,0
-0.821370880098,-0.746963121743,-0.846100016687,-0.741434980476,-0.961666199073,-0.721796729732,-0.88462545265,-0.748975575892,0
0.379924853953,0.4373084557,0.363898937306,0.41575043566,0.350937041424,0.494522710366,0.356911560175,0.434811404667,0
0.321174960971,0.167774739871,0.366876105388,0.206633872399,0.50312721987,0.0677577864905,0.421084781894,0.174377203855,0
-1.02606903012,-0.894990442698,-1.08800412427,-0.951948349035,-1.21663288072,-0.886105662882,-1.15291121873,-0.955054357313,0
1.3621181486,1.31200329878,1.4069994522,1.35865146081,1.45317201364,1.38945674781,1.44746597835,1.39391676143,0
-1.08818498637,-1.1041512179,-1.08916799193,-1.10956799255,-1.05423097731,-1.15412960678,-1.08176976953,-1.12552556043,0
0.328937326483,0.412771326619,0.305433683729,0.394465179518,0.162751387749,0.432324353712,0.228452088232,0.380425453903,0
0.367231542882,0.225414136206,0.382200138439,0.230166004956,0.60397773144,0.199272921863,0.510170869031,0.274141251844,0
-0.514460082162,-0.363568711967,-0.508682141503,-0.340397786933,-0.698295664146,-0.343249256044,-0.628648437574,-0.423437145047,0
0.205901686328,0.0699645951691,0.170399837904,0.0168160847104,0.289029902153,0.00886745323589,0.25013045315,0.093464431899,0
0.118776259671,0.212878139407,0.180937279209,0.280456415271,0.128127065702,0.339694064583,0.143861826669,0.258078441417,0
-0.186386390762,-0.169498055194,-0.238491105369,-0.206660160891,-0.307513889493,-0.23925769762,-0.253606481398,-0.204356028597,0
0.0570245525974,-0.0630200720978,0.0675677412714,-0.0817966759022,0.235045585755,-0.115250330982,0.119081983676,-0.101210624123,0
-0.0443572133371,0.0516578288927,-0.021863058661,0.0978300371747,-0.127665101936,0.117509700937,-0.0543355245212,0.119275822904,0
0.419184331314,0.441413607812,0.390539519083,0.413269397296,0.343111507242,0.439154254925,0.369910760223,0.387302658337,0
-0.982740655086,-1.11495553467,-0.977685895743,-1.13467095336,-0.81019895319,-1.18200772001,-0.9112240028,-1.09990523321,0
1.16804658008,1.34811744906,1.20774414276,1.4168925578,0.985974982501,1.50555978771,1.12000936722,1.41544583633,0
-0.666584970284,-0.782039056214,-0.729540080815,-0.851392015651,-0.584734579509,-0.952035578794,-0.669405597072,-0.89145869739,0
-0.295370216373,-0.346042658889,-0.256298363896,-0.335988014627,-0.189395225095,-0.315872989213,-0.240358182678,-0.298877500492,0
1.21610268949,1.40082144472,1.21313295905,1.44275960724,0.987358581338,1.49544240324,1.13430999076,1.40726513073,0
-1.64525781433,-1.84947369279,-1.66196348117,-1.88490060422,-1.43967211836,-1.9441391427,-1.57246939963,-1.82649939923,0
1.47945318865,1.63662918308,1.5095283245,1.63391143824,1.3570086343,1.70502242702,1.43609505715,1.57776103383,0
-1.030218841,-1.11373272394,-1.06252321548,-1.08280317232,-0.98113484169,-1.15639990277,-1.01104966711,-1.04207509674,0
0.619496729273,0.636031638018,0.63109055678,0.608641170787,0.598479789556,0.64060830227,0.597177856361,0.560640297437,0
-0.288030701158,-0.314769079468,-0.272865543822,-0.33038142906,-0.196030110797,-0.36439607603,-0.230432767784,-0.289777880657,0
0.03164338361,0.111938541864,-0.0075865640513,0.170968783386,-0.150135187993,0.249139338147,-0.0591043420385,0.157105091551,0
0.122257123022,0.0723176285731,0.185071851276,0.0223585568528,0.240421898206,-0.0210059946786,0.190656599106,0.0382855129366,0
-0.347307693177,-0.413430894725,-0.403418823272,-0.404657070719,-0.265021359745,-0.448684525772,-0.328795615977,-0.424355935826,0
0.803225353593,0.960837492038,0.80707848876,0.969279849842,0.555164379736,1.05586667608,0.691118169033,0.959076322728,0
-1.26953776175,-1.42571563456,-1.22447625568,-1.42234786074,-1.0028391907,-1.524925139,-1.13604308735,-1.40112266385,0
1.34809480582,1.37765587422,1.29912346561,1.35152151198,1.25775797415,1.42668551148,1.29840936998,1.35247671817,0
-0.871667236142,-0.689919111471,-0.849002443843,-0.63711506078,-1.08362005712,-0.592712097079,-0.954655081622,-0.644294606871,0
0.0177342704361,-0.279470954869,0.0239972943423,-0.341242248417,0.395911793695,-0.474516158071,0.164629745072,-0.331603719962,0
0.751193520719,0.948149937226,0.739081356837,0.993866858522,0.516004022367,1.07261340492,0.680314377088,0.973443619663,0
-0.967054285726,-0.962722279176,-0.990433976045,-1.00083030908,-1.02983575604,-0.986694014189,-1.05835301903,-1.01355284571,0
0.57764834517,0.437759386366,0.642525609605,0.487894213417,0.850679904055,0.430556717663,0.785486952624,0.553238992725,0
0.0359073259635,0.186045784357,-0.01789935229,0.132173801682,-0.249167073541,0.209607652127,-0.143866778386,0.0820771438921,0
-0.4774770673,-0.514084075693,-0.482158095361,-0.471521400447,-0.393034284023,-0.511310061822,-0.462379861718,-0.480910154552,0
0.580714637389,0.468642439875,0.640983566531,0.447273111804,0.770020879866,0.395760757799,0.748814389509,0.489499712391,0
-0.402384698117,-0.25752793076,-0.483954979537,-0.276438040996,-0.683200216142,-0.209924504647,-0.631384227773,-0.329210310556,0
0.140653846946,0.0909051819184,0.193439855913,0.146806920825,0.271215194261,0.146417959335,0.270865345772,0.184691213125,0
0.124711864332,0.0689958178893,0.139293539688,0.0222066901936,0.210651177204,-0.00891389865102,0.161896433318,0.0392253240109,0
-0.522793213116,-0.391172782783,-0.585398026466,-0.390408825566,-0.766279854132,-0.34356848396,-0.681186500391,-0.442275639677,0
0.986088829894,0.792314107431,1.04278244812,0.834419202161,1.30021604288,0.744651062755,1.17680662815,0.871052670544,0
-1.1057899476,-0.896460903903,-1.13177985542,-0.958043675906,-1.38315211956,-0.871312332304,-1.26666353087,-0.988215029811,0
0.628725715571,0.459549484606,0.626449085215,0.499225064405,0.813613187018,0.452352725924,0.738682086897,0.526003443395,0
0.255995141973,0.342845458077,0.27657648221,0.36451469094,0.16202619365,0.409553095591,0.20762146453,0.39460147172,0
-1.12018318764,-1.06174528824,-1.12763417996,-1.12844236692,-1.16635692302,-1.15047507455,-1.15473556025,-1.22504382693,0
1.46279823939,1.26359696378,1.42762439545,1.3196794425,1.67263470246,1.26573214101,1.57504449813,1.42566333444,0
-0.973026844519,-0.791194122943,-0.908301270561,-0.809104706408,-1.20011685724,-0.736038155168,-1.08931114753,-0.879528704942,0
-0.0243071418418,-0.0404844786245,-0.0915763746329,-0.06063052791,0.045680812551,-0.0907478261138,-0.00427872125956,-0.062451626038,0
0.707863955584,0.59275744396,0.769658535479,0.646680078681,0.799108029603,0.666928628743,0.816178532404,0.73910292183,0
-0.484175866753,-0.385331185718,-0.529571726894,-0.447637449079,-0.611925486114,-0.472936404023,-0.644291746326,-0.560624677992,0
-0.551310895489,-0.498673234631,-0.534711015513,-0.458459476909,-0.547803484897,-0.425218117761,-0.470293964597,-0.411633480945,0
1.65612291141,1.41328758015,1.66023122697,1.39312362103,1.88533779527,1.28719483829,1.73379249992,1.40146606393,0
-1.91979758705,-1.63195104454,-1.94166477973,-1.62206879859,-2.28075032645,-1.4596448412,-2.11285355909,-1.64559269197,0
1.08727007602,0.98667373331,1.13814402356,0.992389532685,1.3209741996,0.911377363026,1.26566892066,1.03109487136,0
0.0926631737034,-0.0513457192818,0.03078619891,-0.0622642862781,0.109193590728,-0.106010965673,0.0316427229402,-0.0962885260113,0
-0.612513427331,-0.388502399427,-0.581735900965,-0.391807160918,-0.77476048818,-0.307772614784,-0.666289818209,-0.38717949158,0
0.149228018851,0.0381433924967,0.164216717884,0.0461743010619,0.288108842231,-0.0112062785341,0.229744353336,0.046758386983,0
0.770355439473,0.691056680988,0.725635669313,0.695688066933,0.769748976216,0.671044503111,0.750800919301,0.690835669767,0
-1.29631585523,-1.12531947988,-1.25084436443,-1.14077741723,-1.4050525224,-1.01571569568,-1.34332268977,-1.08873049319,0
0.997190370121,0.968227160834,0.987133389201,0.991960147288,1.01609038018,0.894525758089,1.03116220011,0.90500861705,0
-0.266839917952,-0.499277442796,-0.29933923926,-0.523192591708,-0.0678295802823,-0.578295868396,-0.217436764228,-0.454394000864,0
-0.226800430699,0.0969801119244,-0.189438753753,0.0948418653692,-0.48467096339,0.228574674317,-0.328167050675,0.0591373097053,0
0.470758424412,0.320135402321,0.453259546387,0.353021972245,0.530683933088,0.267524471006,0.515399198612,0.342698353318,0
-0.992184132741,-1.10310599583,-0.979688451292,-1.13749599674,-0.784308240033,-1.12626772162,-0.909406463537,-1.07010501603,0
1.87198560864,2.127320752,1.85675025224,2.14821060512,1.54117330746,2.2085862149,1.71045983127,2.08659151557,0
-2.43899276228,-2.6189497265,-2.43352531795,-2.63221145134,-2.24332027055,-2.72324558464,-2.33660850363,-2.6455152728,0
1.96669591464,1.91552469266,1.97866389497,1.92163054571,2.08737212791,1.94448307381,2.0254984995,1.98863586632,0
-0.456420904258,-0.256980396089,-0.49157084522,-0.265552925124,-0.768215395666,-0.229072859611,-0.632367669682,-0.34381126725,0
-1.20002723507,-1.3140088686,-1.14706096772,-1.28720962943,-1.0285402533,-1.26895640634,-1.06594929719,-1.21499302842,0
1.93996307505,1.86870902198,1.90586835013,1.83997825504,2.06421816559,1.76221283416,1.96756844651,1.8146566799,0
-1.53031641372,-1.37479747687,-1.54166166216,-1.3727312045,-1.80966666383,-1.31582043336,-1.6891297027,-1.41136123529,0
0.600508245378,0.508570189761,0.633706215867,0.530566893391,0.794852052102,0.51030434044,0.749344326536,0.578847545621,0
0.209529439317,0.152553832759,0.187296383178,0.121825195312,0.255321773731,0.101731835629,0.187596085482,0.0960704821702,0
-0.691043308892,-0.534356876323,-0.687664142968,-0.505690412092,-0.914162480559,-0.446327024062,-0.784202285935,-0.486867553143,0
0.838161797768,0.758045948932,0.855339140994,0.751867886907,0.974947991991,0.744556695999,0.930204245194,0.754469957174,0
-0.667417471216,-0.756526761073,-0.697327073833,-0.776033988312,-0.567859421081,-0.864410707597,-0.670818078028,-0.805936092456,0
0.189012744194,0.323744981825,0.209051516353,0.333667458201,0.0182499424771,0.400930822949,0.135941143691,0.340029968852,0
0.537481192069,0.516375299312,0.529478477209,0.538025018641,0.543927434081,0.574955477809,0.547634168414,0.569740888461,0
-1.17080411867,-1.27785476877,-1.1585491136,-1.31288929267,-0.978911852927,-1.40480197469,-1.09043721493,-1.3387313506,0
1.18275772179,1.31951697447,1.17306476156,1.34970577091,0.94254605098,1.4450999094,1.069797961,1.35744152325,0
-0.450710810424,-0.48468455309,-0.459372725862,-0.505344558141,-0.373972778318,-0.552945589877,-0.411936517331,-0.496568281098,0
-0.509231884233,-0.642495620424,-0.488775356858,-0.62993668262,-0.323027391157,-0.695438249112,-0.432778423506,-0.68167767087,0
1.0362670373,1.23467167419,1.01089104516,1.20908792691,0.74387196342,1.33618804202,0.920903755443,1.29592957061,0
-0.861862593108,-0.974520704198,-0.829864731721,-0.920685327308,-0.700307707097,-0.999656885672,-0.818253808936,-1.01148967419,0
0.247820444193,0.273165747621,0.221187121039,0.22475493915,0.238485202612,0.275406506296,0.29991118004,0.334646444085,0
0.273305705503,0.244321565962,0.284977844142,0.243575494593,0.271818319127,0.165868552323,0.20144987965,0.119921830745,1
-0.42755659822,-0.364194835378,-0.4311941567,-0.316978359237,-0.500263012972,-0.254033659705,-0.421922276058,-0.249972263007,1
0.387963192186,0.303423497047,0.377644939323,0.241181209067,0.535909588577,0.213219617494,0.465399908722,0.253892015254,1
-0.348687451549,-0.264213433365,-0.311920704816,-0.222234815717,-0.509900491315,-0.199081314042,-0.449018577605,-0.26197714212,1
0.270644074188,0.230224435007,0.22511811686,0.241387517738,0.332241606419,0.249922759362,0.313901684628,0.271582325152,1
-0.129262334649,-0.144041877961,-0.102680545923,-0.200460726247,-0.0580619794609,-0.250908440964,-0.0881747768271,-0.202616865229,1
-0.0502333542945,-0.0104108060303,-0.0493601125946,0.0361409869471,-0.172197530621,0.0718877826412,-0.134734365226,0.00213114131838,1
0.390429213812,0.311493061384,0.356559709951,0.311032658725,0.515535783695,0.276920344136,0.459280875893,0.323567354354,1
-0.972365376612,-0.841034647701,-0.910529191056,-0.876367509382,-1.09354941425,-0.799569202319,-0.994091640534,-0.812668950304,1
1.58657858582,1.48385085743,1.53325716747,1.53159153227,1.63706409976,1.48079787881,1.5645747014,1.44593860436,1
-1.89827643114,-1.89189509604,-1.88335074182,-1.92377880936,-1.85150543883,-1.95618692514,-1.86653526991,-1.89017632889,1
1.67179891049,1.70679043335,1.68871593574,1.69964437112,1.63160339457,1.74651712817,1.6773749478,1.71147090649,1
-0.898120949318,-0.895908837412,-0.93388234357,-0.867467261157,-0.953902030658,-0.877670198108,-0.959518639986,-0.895098038587,1
-0.036753069771,-0.0894739281973,0.00394490464298,-0.105541393119,0.0937819910032,-0.125873523326,0.0463804700084,-0.0911556088253,1
0.554800255906,0.625246261013,0.539823115387,0.633695275119,0.427412299405,0.706022415639,0.50867440189,0.679155200656,1
-0.480202245853,-0.49992531916,-0.504255538952,-0.521120332433,-0.456489725218,-0.620376729427,-0.497586289706,-0.612943886702,1
0.159522524234,0.100838637251,0.198478062825,0.131477530025,0.261122298961,0.182905487459,0.19582450555,0.192758542341,1
0.0479684592015,0.0702038856777,0.0179627385897,0.0400825750799,-0.0027017522378,-0.000927950560073,0.0836944803428,0.0246282056075,1
-0.092458365056,0.0561677303961,-0.0841371675718,0.0763341972009,-0.288829886042,0.190597718807,-0.248692771225,0.0859678174058,1
0.146418898407,-0.129619233461,0.172313993936,-0.125365032426,0.534572834331,-0.266656509889,0.365231668791,-0.129955177389,1
-0.328894582376,-0.0908289122514,-0.373941305571,-0.108722380693,-0.674919038592,-0.0186393602206,-0.48853181132,-0.111789561138,1
0.428537925921,0.357512872043,0.452439972237,0.357368550974,0.544673087071,0.325210352273,0.442299220406,0.343971025425,1
-0.10251621154,-0.239207434953,-0.0971393156232,-0.225108606346,0.0668772850259,-0.269584482672,0.0220289261708,-0.207525446125,1
-0.504550623796,-0.246646117189,-0.511753838894,-0.241597993813,-0.839161389045,-0.134011526057,-0.678496764233,-0.245385690814,1
0.755867487634,0.556086750679,0.746437281377,0.523449258966,1.02327932092,0.465763834111,0.879423517093,0.543429952834,1
-0.318933374538,-0.258344711004,-0.289002067073,-0.208794524309,-0.428501836971,-0.240672554059,-0.364490073922,-0.244283242251,1
-0.426325494075,-0.429020423732,-0.465603552392,-0.483876317811,-0.35315060328,-0.454964319534,-0.400096497577,-0.47875894237,1
0.849258537141,0.877941298659,0.86195987512,0.910875469263,0.707379550883,0.924003396534,0.774467928146,0.926750330203,1
-0.661061083214,-0.718247553877,-0.632367604891,-0.71031297056,-0.485910238705,-0.736296123495,-0.545578558457,-0.709768268386,1
0.13378474789,0.176227143318,0.107875796279,0.150976806823,0.0385685907465,0.187770156042,0.0655145571226,0.148670755648,1
0.184617922092,0.235253402939,0.162340886998,0.246785977984,0.0739295199205,0.245625385416,0.122325403797,0.241709842954,1
-0.0772779686369,-0.250741831266,-0.0167414806099,-0.243139041485,0.236493738273,-0.340132299262,0.0928154425599,-0.252618725696,1
-0.18458137914,-0.00980611172598,-0.240348495947,-0.0338155621988,-0.469353501488,0.0787845824966,-0.328376113709,-0.0244009218756,1
0.365742053803,0.33566861893,0.373135747776,0.361929186809,0.390808781573,0.357322279302,0.361337367564,0.368440773698,1
-0.555506523121,-0.656473612426,-0.497244102334,-0.654991548818,-0.362571490677,-0.736397945129,-0.416893377372,-0.646791136778,1
0.830100074115,0.941818432429,0.746935178743,0.909811539634,0.637845778468,0.997823865368,0.690226095282,0.888655941616,1
-1.00740188678,-1.02649189404,-0.963501385074,-0.995510463559,-0.996126088829,-1.03426128609,-0.994432795819,-1.00053606,1
0.819980329686,0.695510040492,0.827503989812,0.682344710742,1.04887025304,0.594354550135,0.955139076359,0.697155521662,1
-0.209069529152,0.00710771612054,-0.233008392876,0.00477413459815,-0.560423294832,0.209184309228,-0.398929022246,0.0126375269628,1
-0.486824807504,-0.664134002369,-0.473825826263,-0.646271282157,-0.22919127858,-0.812947427417,-0.362907705469,-0.657695403674,1
0.7530349949,0.842031183171,0.757762915391,0.823687674651,0.655747277595,0.869456457711,0.735386981676,0.832963070885,1
-0.518923398751,-0.57704746764,-0.526964946207,-0.580109536649,-0.472954631716,-0.560664631009,-0.553673438038,-0.603817423828,1
0.233368779272,0.2936295079,0.212254442133,0.307475691013,0.168430640734,0.254224146637,0.252239358276,0.312382780584,1
-0.169097311882,-0.22916641516,-0.116428261127,-0.233073619591,-0.0958056399616,-0.165273922909,-0.152093850707,-0.189554908657,1
0.125105963193,0.192420453918,0.0850451158312,0.193493166084,0.0559563557636,0.175202613533,0.0960564322491,0.134556284775,1
0.136255590694,0.0959584653354,0.136186500893,0.0879462242112,0.158119877064,0.073932120377,0.142149032488,0.143814922558,1
-0.587766217791,-0.625649188618,-0.564801454648,-0.613903327507,-0.525061397148,-0.64784654097,-0.555984918722,-0.674995432616,1
1.00190627446,1.0907030073,0.980488817105,1.07214463586,0.919304582687,1.13335334689,0.952743273629,1.10665477119,1
-1.04270860395,-1.13235186117,-1.04321678346,-1.11344027936,-1.01299218563,-1.15028265095,-1.01024176501,-1.10226989091,1
0.536224248871,0.631936326256,0.57149453807,0.637066648687,0.534609694394,0.672076807288,0.535711856736,0.618076903027,1
0.232441736791,0.127247528709,0.18769929468,0.099078340028,0.250925404553,0.0718126597792,0.218201131546,0.117220610374,1
-0.709757889346,-0.604370992233,-0.69849531192,-0.580937109561,-0.782917052282,-0.587463544827,-0.7243951515,-0.62114623885,1
0.523929924496,0.398787799998,0.55028381846,0.387861787797,0.712771775413,0.37040703886,0.606213112078,0.426285981193,1
0.251609956101,0.371507575778,0.214119874131,0.379436565498,-0.0150667265016,0.438951561177,0.121103811426,0.364687040385,1
-1.02755018046,-1.0545245291,-1.00169691833,-1.06679318945,-0.855621724581,-1.07049601398,-0.932616565716,-1.04776766128,1
1.07630008678,1.00792495473,1.08037207844,1.04378034225,1.08542610865,0.966391373501,1.08421265849,1.0150439392,1
-0.341463558598,-0.292326198953,-0.371610315363,-0.362984177178,-0.427166031066,-0.290655630496,-0.423408279131,-0.336745572469,1
-0.442140923765,-0.374085422549,-0.426486575102,-0.30052390297,-0.440253595716,-0.321052987102,-0.392262706117,-0.352876713211,1
0.66303755544,0.456572306376,0.688956701092,0.415821163235,0.855125838746,0.359980811966,0.730597091101,0.492369588077,1
-0.44996496205,-0.171514160239,-0.497991538853,-0.159019123539,-0.812349362415,-0.00522597526661,-0.613307771449,-0.194919627912,1
0.29862672584,0.104352971344,0.342842201044,0.102117469545,0.622153060707,-0.055904387168,0.440876587228,0.0820304142468,1
-0.519050503315,-0.504685802911,-0.547683879288,-0.501105754521,-0.61303087291,-0.454833210603,-0.541307304101,-0.471878998492,1
0.983594235756,1.05394906813,0.986912231748,1.03823803392,0.905326500021,1.06615351915,0.901299433105,1.02431503045,1
-1.22359695274,-1.23220516655,-1.21335097665,-1.21912613298,-1.15720596912,-1.24598306085,-1.14207161562,-1.24027502869,1
0.951174172849,0.865461600248,0.959393045547,0.889771430629,0.994856071706,0.918917946465,0.963624536524,0.962909311911,1
-0.40529807688,-0.27531418602,-0.435265595424,-0.331516156681,-0.556576380385,-0.342135960338,-0.518285911892,-0.397436862217,1
-0.0450294070286,-0.134781289238,-0.0196733067213,-0.0921530132992,0.121463567167,-0.122734164718,0.0884573899244,-0.107189436184,1
0.313352361126,0.276226385304,0.308399717921,0.275204414494,0.276261974684,0.277689506988,0.257842308247,0.347674013167,1
-0.423840372147,-0.280739338993,-0.444337241468,-0.322965529584,-0.536346750042,-0.266622754519,-0.476007133345,-0.393554857137,1
0.362172756777,0.234916027249,0.401419193428,0.303597073366,0.491084191627,0.257396475908,0.461865955427,0.349883382518,1
-0.165888980553,-0.11623245603,-0.186961665584,-0.165141273588,-0.223105531943,-0.14379746835,-0.228473241186,-0.167546349797,1
-0.101123773567,-0.104199079986,-0.126473937628,-0.112569550453,-0.0984869057744,-0.138551066881,-0.110516833666,-0.143047843214,1
0.335014408636,0.333316245513,0.381802204647,0.381857761731,0.352128536945,0.383387534998,0.385834927655,0.379839756588,1
-0.360458344436,-0.403802417313,-0.393145312521,-0.457046693643,-0.346324544501,-0.442635297236,-0.399006205169,-0.41438452405,1
0.244792654462,0.355879095759,0.26273202003,0.403347791015,0.177898052228,0.432010641546,0.256878463247,0.390940553975,1
-0.346331491564,-0.445099507804,-0.36164178418,-0.487414160297,-0.319652682158,-0.515653966671,-0.37272359498,-0.527653995249,1
0.696827944111,0.705539484626,0.716617061251,0.749785188604,0.767851163514,0.710628918004,0.761927580107,0.808496169801,1
-0.818185456544,-0.799023383988,-0.843416011249,-0.857545961348,-0.846942032005,-0.821997209485,-0.863988018312,-0.920571766146,1
0.388406435061,0.444555390681,0.398224729811,0.499307782242,0.219469879681,0.550177133766,0.327524343054,0.544304472251,1
0.373037099216,0.235584773954,0.395581445195,0.222074490897,0.688481087132,0.106727722157,0.541229410554,0.223728278498,1
-1.0291972297,-0.885036969352,-1.05107649819,-0.909550063103,-1.28480953993,-0.773510215348,-1.18907632951,-0.927462639802,1
1.23319225161,1.19230964556,1.20880504982,1.2201947083,1.22020600481,1.13407330698,1.25208502303,1.22498422921,1
-0.848249880838,-0.976436665036,-0.781989058801,-0.99200530513,-0.523598254129,-1.04769024334,-0.707061261615,-1.01862007748,1
0.0381357832858,0.238832235783,-0.0334821401721,0.239263385633,-0.356112204825,0.377591112056,-0.140862943262,0.293802281987,1
0.831407326152,0.72988466024,0.877072472919,0.743146254398,0.981966933068,0.688408861133,0.90234113008,0.70899301059,1
-1.29942058355,-1.31931931431,-1.30007038065,-1.32233329642,-1.1869965823,-1.36403258353,-1.2371565661,-1.31211326852,1
0.898711268667,0.924170030575,0.869125513595,0.898311406377,0.766149020417,0.921374093614,0.809328129427,0.884894270447,1
0.387187043139,0.431379040771,0.404949712883,0.46900413602,0.356779965218,0.516802013724,0.39104653908,0.484603611129,1
-1.74859643327,-1.84648977666,-1.74525268877,-1.87777025938,-1.56660945343,-1.99679613512,-1.65814292295,-1.91371438991,1
2.12739652696,2.19775882943,2.13091544095,2.22232177615,1.94770859648,2.37272872168,2.0306317093,2.30344963872,1
-1.17775956791,-1.122189459,-1.19834444221,-1.13310177967,-1.17646248415,-1.19767868331,-1.16306791404,-1.21510223389,1
-0.504764974807,-0.66669312832,-0.472813166318,-0.668164242953,-0.323967007264,-0.725936643146,-0.434614203189,-0.635026722021,1
1.82163102385,1.93278006709,1.7749705972,1.92187542315,1.64702918571,1.9792141134,1.74268072655,1.92294974679,1
-1.87959117392,-1.84007544856,-1.83038128199,-1.81245820168,-1.85154428603,-1.80354125634,-1.86392796153,-1.84258331979,1
0.746918668135,0.601526304343,0.723812094073,0.585333482991,0.856112346828,0.568743105304,0.804718558531,0.660138694965,1
0.537772800826,0.703867494049,0.529327030629,0.694062668434,0.344139576138,0.695168246207,0.447838717183,0.607969775212,1
-0.983437782897,-1.08641152276,-0.957208148655,-1.05707514612,-0.799003326736,-1.03918669516,-0.920216515486,-0.991218528878,1
0.493372062998,0.470378953531,0.462896200081,0.4331870294,0.445674046687,0.359119778434,0.499225855946,0.369219033805,1
0.283669936709,0.379764482677,0.291917922927,0.396468659716,0.192055105919,0.480150698505,0.215096882606,0.451049241471,1
-0.583783003079,-0.639987397238,-0.555317993114,-0.623020925702,-0.463550488384,-0.648014321434,-0.503127489319,-0.652559196036,1
-0.208748637471,0.0616974777841,-0.136013994206,0.183840277339,-0.657011525898,0.66570060367,-0.29549564096,0.473140530297,1
1.5693921515,0.765721561087,1.25649587431,0.32517160853,2.69642461011,-1.11693815388,1.70357569058,-0.466257005236,1
-0.252124338263,-0.491389552498,-0.326892137527,-0.41197085593,-0.00835351250165,-0.80907913651,-0.290831281499,-0.770488259806,1
-7.26175490392,-1.85940639596,-5.17339421833,0.26087294625,-14.1372757479,9.5473789366,-7.7899341572,5.77531804556,1
19.546135852,5.51427207394,14.0845465046,-0.414929084872,37.4654872744,-24.3742627784,21.1170667336,-14.2566544623,1
-28.5950038316,-7.97057248403,-20.5559263373,0.985969861819,-54.9540496637,35.9962003058,-31.0723249609,20.9314477672,1
26.093830704,7.01623786518,18.6549629236,-1.45230130617,50.5080572006,-33.6394844651,28.5536926556,-19.5409942086,1
-12.0512078607,-2.95251042201,-8.50622974039,1.27397838186,-23.7575086822,16.4308929521,-13.4168147178,9.52062935676,1
-3.93300366549,-1.38833845751,-2.92880721759,-0.511682772137,-7.07513142862,4.02210888754,-3.99981682716,2.40756362885,1
11.0898640024,3.08382078588,7.94650457541,-0.289817711474,21.2163613561,-13.9420593689,11.9472678949,-8.22678602877,1
-7.14026145936,-1.66611395029,-4.97881616503,0.704814603831,-14.0650881836,9.96173511897,-7.81197869612,5.98342481141,1
-0.841018028155,-0.789690703626,-0.851974709141,-0.773917054579,-0.948142758884,-0.660363367651,-0.821178961932,-0.676149958052,1
4.40054805151,1.90371422024,3.46289606804,0.785180632025,7.63249165529,-3.42293909186,4.75512235472,-1.59394325656,1
-1.42946800554,-1.0980207725,-1.33480487215,-0.890282299663,-1.91204429331,-0.382027256028,-1.6050241193,-0.669841797556,1
-3.50249311987,-0.310187279316,-2.23554904375,1.03057036559,-7.51897079655,6.49473904906,-3.73992461913,4.21306140828,1
4.99697248964,0.774462193367,3.33817535874,-1.07035989629,10.3593026808,-8.31666139996,5.40430347207,-5.2465676449,1
-2.36039649243,-0.197563881532,-1.49033760913,0.81139378059,-5.14205737758,4.68440647364,-2.55615566327,3.07643434744,1
-0.518960401928,-0.111975997833,-0.426078195457,-0.0335521628548,-0.978618470284,0.310181128376,-0.638842471925,0.059836596591,1
0.1412460915,-0.843854668093,-0.14516898117,-1.18118156763,1.33154522335,-2.47953963436,0.342601896893,-1.80282927559,1
2.80277867246,2.41926155485,2.5688943504,2.19440191805,3.3325157493,1.33721414522,2.8013810904,1.6482800654,1
-4.7989443018,-3.01127151704,-4.07739757562,-2.21331916643,-7.08318590008,0.757201190715,-5.04423477849,-0.566826518418,1
3.64570266734,1.90385810602,2.99943139977,1.13835262863,5.85705970451,-1.58630089768,3.94123516326,-0.304653492264,1
-0.57212364228,-0.10578176556,-0.424524555533,0.137894723648,-1.17979098333,0.772828256765,-0.695546226153,0.415748733729,1
-1.39688174685,-0.724519474786,-1.14979957759,-0.527541514473,-2.19452049763,0.511465413907,-1.47912637925,0.0680418696706,1
0.774381045597,0.0911249237518,0.558631610434,-0.0958685577228,1.54340145488,-0.939427816543,0.894658877921,-0.529281413185,1
0.936927317279,0.814048826247,0.863057363308,0.711231957503,1.20726977314,0.212734535315,0.956398804664,0.410694439258,1
-1.24672620558,-0.532908614763,-0.994379564902,-0.269014289611,-2.23299195428,1.00066014453,-1.40903280048,0.39595305546,1
-0.420117080052,-0.95783112534,-0.602495027046,-1.10436546099,0.261661900742,-1.87845689011,-0.277094473979,-1.45683837323,1
2.37852704264,2.27179116124,2.38508490211,2.20537757853,2.59312748537,1.92633145318,2.41099587501,2.01548061939,1
-2.74539871647,-2.16445008622,-2.65120352436,-2.01559196082,-3.57218223646,-1.16344303147,-2.94829160201,-1.59623646176,1
1.28610812253,0.780251434545,1.22094655052,0.724875629197,1.94364319365,0.181083526577,1.49403361456,0.530821275925,1
0.553621263598,0.603796574771,0.539826200406,0.530847326085,0.571605601822,0.360727070688,0.508851255752,0.357137761251,1
-1.15403006079,-0.862882237094,-1.12447363202,-0.789682528006,-1.64051256154,-0.303360004081,-1.28827608151,-0.526673502461,1
0.290354841031,0.0174699947951,0.316460332863,0.0634828783124,0.700836388795,-0.130348571475,0.477663573412,0.0357151736032,1
0.902304457344,0.987161544952,0.835894226531,0.855229438883,0.816860223518,0.644885981461,0.790648750008,0.648967000365,1
-1.33422051701,-1.30676772096,-1.28123618606,-1.20321355594,-1.43466606991,-0.902390568407,-1.32619330053,-0.986199463949,1
0.870567067708,0.857525996117,0.848540903407,0.835519228587,0.92927921005,0.720146890703,0.903184581457,0.759232134663,1
-0.0717640678613,-0.131936148731,-0.0733457801189,-0.161341293824,0.00911867197952,-0.270823175979,-0.075656143893,-0.216892014583,1
-0.41912875965,-0.352944633948,-0.40479910376,-0.335341230915,-0.520532325437,-0.190860661306,-0.439697753759,-0.266765042666,1
0.350638382588,0.424950169913,0.337787247507,0.463716180196,0.243457018264,0.530446832162,0.322080501849,0.491864297168,1
0.00996256188357,-0.239870409707,0.0224056039167,-0.316676260021,0.373099869296,-0.585231370107,0.142382245296,-0.395279733771,1
-0.266609688761,0.0295360951343,-0.289062670235,0.0877684146716,-0.690016589978,0.30936787379,-0.473169195741,0.0794189738217,1
0.266887274038,0.0596694763955,0.286102868387,0.0418395020597,0.558466800692,0.00478506308423,0.458202209516,0.151211756492,1
-0.0221462723028,0.0331142866449,-0.0210335677446,0.0258566393022,-0.11464011261,-0.0626888378159,-0.117030538739,-0.0800853461289,1
-0.328694238431,-0.231252749078,-0.337215143834,-0.210658540548,-0.414282355355,-0.0905472575442,-0.350054851428,-0.173346911168,1
0.452890817413,0.308580225166,0.449619861803,0.29026437047,0.57816304382,0.244968190341,0.5299437852,0.323907220287,1
-0.200316188689,-0.158354456728,-0.176214165115,-0.158962386741,-0.189054171011,-0.254765800439,-0.233146279615,-0.224816811282,1
-0.0515439573334,0.0302077429519,-0.106213202263,0.0329760162269,-0.205929831451,0.172738340197,-0.113194639765,0.0494106089573,1
-0.14831646533,-0.255241679093,-0.0818739567827,-0.233936221308,-0.00413191051455,-0.290633807576,-0.0447487023948,-0.177356742878,1
0.448655959741,0.67671815641,0.493621220485,0.667902481373,0.211905623177,0.827866289408,0.340343223924,0.722073545929,0
-0.880210422351,-1.03346285897,-0.912961637437,-1.06994565356,-0.700677660572,-1.19973408648,-0.822539774558,-1.14001454711,0
0.790308183007,0.725490699772,0.793816867805,0.792234296053,0.829171346328,0.78588003452,0.844462038083,0.831460285116,0
-0.388933758006,-0.160182829065,-0.374205434231,-0.231888752651,-0.594412722065,-0.138586654127,-0.523343339317,-0.243847032734,0
0.225456477149,-0.00648626730803,0.204938222115,0.033628974251,0.440184130922,-0.072788062311,0.349669762004,0.0186021919302,0
-0.588057071232,-0.490031829572,-0.566138388548,-0.472284559775,-0.682184743821,-0.391889940653,-0.631862765378,-0.432242478608,0
1.08301775512,1.18502467815,1.07248734442,1.13043022391,0.978311204431,1.15138560358,1.0410867584,1.12584389485,0
-1.07815576162,-1.3067415346,-1.07599827351,-1.25127078372,-0.826959274687,-1.3784701397,-0.99847574091,-1.31775404675,0
0.350821465782,0.53437071326,0.328008071478,0.485729050182,0.115591480443,0.601434727864,0.281130507249,0.571507620777,0
0.751083478634,0.685975808108,0.803209864834,0.727869336555,0.90084624296,0.671090358424,0.813305979187,0.665468667917,0
-1.54234886807,-1.52155314951,-1.60311366287,-1.55334784417,-1.67123414672,-1.50083629817,-1.63807930793,-1.52138537919,0
1.57300505674,1.50569782525,1.62609827723,1.53342290264,1.73374197345,1.47918255769,1.72221122661,1.56279169415,0
-1.04587089974,-0.883621651556,-1.07410345404,-0.896705502726,-1.25334236371,-0.845863133494,-1.21692832833,-0.989801088264,0
0.434669331239,0.19562418927,0.421943923225,0.165347322833,0.676464907941,0.0890496935231,0.568790814646,0.262071519006,0
0.181551086852,0.374687110112,0.209704582342,0.436912121087,-0.00222324296585,0.487239524952,0.122343929708,0.368683340742,0
-0.99367743442,-1.03692341443,-0.987044167099,-1.07906046773,-0.935029791564,-1.03906319793,-0.990467543901,-1.04005996414,0
1.9144714329,1.87499230498,1.86142518869,1.86813121405,1.89137551426,1.81730399941,1.90695949938,1.88716926673,0
-2.50374031502,-2.52001508091,-2.43253602008,-2.4697172124,-2.41484377266,-2.49828335465,-2.45701257208,-2.5389247084,0
2.32586411113,2.43867411238,2.2713839657,2.36673285162,2.20877749607,2.43750288498,2.26824373178,2.41576090661,0
-1.3655593557,-1.51468318444,-1.35577699621,-1.46637542084,-1.30029228648,-1.52778010116,-1.35070588366,-1.47138110064,0
0.168638819721,0.23229502167,0.19516385809,0.246966647397,0.205519031908,0.262678461938,0.221426527389,0.233812166498,0
0.605700720402,0.739400503048,0.593887533267,0.675577478568,0.435578356727,0.774130418557,0.504461841551,0.711810977459,0
-0.772069507171,-1.04638597981,-0.800688213799,-0.975981134705,-0.539246245733,-1.15851138888,-0.670360919551,-1.03066446232,0
0.586622133489,0.787109987877,0.623233122547,0.740802502775,0.451937232735,0.861167481729,0.531914540865,0.776374458468,0
-0.358477709261,-0.350960988386,-0.369161747787,-0.347949509632,-0.390833373451,-0.359231744855,-0.367013997746,-0.371173642054,0
0.281841161551,0.113061610784,0.264512735078,0.141866938275,0.431721956245,0.105329743208,0.337742267514,0.176489156314,0
-0.33697019076,-0.128741901123,-0.307833842206,-0.137885670745,-0.55273836794,-0.0734883671584,-0.4193643737,-0.155101667724,0
0.224928974742,0.0935633355195,0.218696333201,0.0534540321985,0.44685648783,-0.0138782236956,0.322057558606,0.0434243504053,0
0.273607805296,0.29064068735,0.228041550737,0.354353365484,0.105711587745,0.37407047545,0.166597282746,0.347468073982,0
-0.880217407462,-0.878790435619,-0.804617347792,-0.934085365033,-0.73840377043,-0.947470171943,-0.765498389311,-0.897892137634,0
1.03216732468,1.10444129809,0.971481380238,1.13494207085,0.883993856022,1.19125022672,0.924742019758,1.08071860168,0
-0.415913202425,-0.506884547278,-0.384998278728,-0.500093893034,-0.34116234387,-0.527319340276,-0.351351898914,-0.413341010736,0
-0.746980553329,-0.732610545348,-0.747404805455,-0.759913744881,-0.684101523159,-0.807543806406,-0.741678213388,-0.853647034932,0
1.74492853115,1.81159877538,1.71162364694,1.81418744529,1.60839170457,1.87022468557,1.6849037608,1.85095968155,0
-1.88025766053,-1.97472023932,-1.83179827231,-1.93483836882,-1.77111195767,-1.9612525352,-1.81688398414,-1.92100976457,0
1.15614449776,1.20436943027,1.11449795633,1.13923656636,1.14804084768,1.1288381252,1.1364167247,1.12299925024,0
-0.21337386821,-0.167741729863,-0.168092403887,-0.0952649748412,-0.312135680928,-0.0118028281649,-0.23117752433,-0.0765043148505,0
-0.367336946313,-0.425692774578,-0.432194711377,-0.482861380191,-0.309290140942,-0.590729367355,-0.380651536258,-0.509297114654,0
0.400466623339,0.334801992043,0.478057567017,0.353462691241,0.550921222301,0.374946490002,0.504949380921,0.375562180951,0
-0.0454824757207,0.125651577069,-0.119757011385,0.137301111653,-0.325267677242,0.179735528217,-0.204561176475,0.0964599647579,0
-0.239656742822,-0.359244588398,-0.19559654398,-0.381445117098,-0.08658503342,-0.38992769201,-0.142350956662,-0.316209414473,0
0.0965600974456,0.0661355319613,0.113194811018,0.101272543637,0.199952197369,0.0669807251066,0.139589981652,0.0664198271887,0
0.241553473709,0.387016053131,0.177070111798,0.339531077958,-0.0222676029562,0.39920486207,0.10340556249,0.330836032623,0
-0.284339793871,-0.405373893045,-0.221766206573,-0.359701102153,-0.0968651963749,-0.427691102042,-0.184680110002,-0.351926294053,0
-0.012366027099,-0.0693141883468,-0.0493550956614,-0.114265703016,0.0866558782114,-0.128118574255,0.0239947860592,-0.124263721228,0
0.266028793422,0.479708425972,0.285008563824,0.524646539072,-0.0558632738355,0.650232898245,0.133662075505,0.566084247552,0
-0.166359353597,-0.317894918249,-0.173087266375,-0.338304063524,0.0523170278865,-0.445740318347,-0.081112768022,-0.398001550521,0
-0.223162846526,-0.281056489637,-0.223725665594,-0.302966319986,-0.136443767548,-0.301396731143,-0.166122857545,-0.232496042045,0
0.505068546635,0.68412519916,0.515180811558,0.741558545281,0.248627577454,0.79488451874,0.358708925612,0.662233640802,0
-0.348060980039,-0.455357427349,-0.388651819069,-0.535696816298,-0.199676540205,-0.588727792745,-0.25766094803,-0.501381597138,0
-0.0765816496546,-0.172077408801,-0.00685192805836,-0.0992950838317,0.0626856889716,-0.096114478038,-0.0134273023398,-0.0574293384812,0
0.351602267182,0.615193529914,0.295091789238,0.594401781585,-0.0170646721221,0.688138380291,0.178980194732,0.529721627165,0
-0.427077159812,-0.636097244385,-0.408387534059,-0.66699070183,-0.14202242649,-0.769675001495,-0.297892390873,-0.621812510984,0
0.561091083564,0.51552797808,0.561377573573,0.549864173195,0.635178223392,0.522331164552,0.594542722356,0.523657276632,0
-0.795729269945,-0.561899290745,-0.792024697308,-0.570720102999,-1.13317520883,-0.450539872105,-0.959259767106,-0.582296103823,0
0.875953398675,0.684832216814,0.855528542505,0.673611566318,1.14468072891,0.588854506948,1.02401116314,0.717681117297,0
-0.553669223252,-0.532790793556,-0.517470825113,-0.514735613882,-0.568442556126,-0.498529403281,-0.579641122482,-0.534123652539,0
-0.114573752147,-0.0147722089333,-0.132034369172,-0.0196295907135,-0.266074477963,0.0165382316549,-0.179913341468,-0.0353880604983,0
0.637924955754,0.574575096824,0.600657665789,0.555711977021,0.706036280312,0.514018025314,0.668890608875,0.566676204125,0
-0.488047922089,-0.597419797619,-0.411516550729,-0.572452904215,-0.282722143435,-0.626412125848,-0.395728301049,-0.574841416151,0
-0.216491385561,0.00869641713613,-0.289061532139,-0.0143833853237,-0.578281641413,0.122871522615,-0.385351706206,-0.0203918893636,0
0.762708684659,0.638151615742,0.803903196336,0.676411701284,0.940500846152,0.620610376927,0.86557519815,0.71242247886,0
-0.618986086245,-0.706316632096,-0.616295733045,-0.752494992926,-0.457956747946,-0.842545554999,-0.567420735135,-0.788112017699,0
-0.0818732908666,0.123480386016,-0.111893202837,0.145969463181,-0.402759049215,0.284557921165,-0.22771840955,0.135911544841,0
0.664576456064,0.499047848086,0.665970032499,0.501501092634,0.873888840726,0.399614581895,0.757076431397,0.525140662906,0
-0.388611254817,-0.372420355934,-0.327884121864,-0.375116038447,-0.345556285321,-0.361101844335,-0.337849996131,-0.374303326886,0
-0.837101289521,-0.712559997196,-0.926146003875,-0.725041739285,-1.04390198831,-0.636546581464,-0.972562777417,-0.727298114325,0
2.18358764698,2.07554464965,2.24472691893,2.1081581307,2.27423207595,2.03039226501,2.24995983487,2.10019886641,0
-2.64572864332,-2.68539380772,-2.64818491699,-2.7244031205,-2.46024056696,-2.76577574017,-2.55842050244,-2.71253275199,0
1.93302335255,2.04304442225,1.8853415762,2.0562563338,1.66882849688,2.13895478861,1.77797007373,2.0187368355,0
-0.588212823371,-0.604407413398,-0.54672931816,-0.589409153508,-0.553352211224,-0.602595812805,-0.532874021688,-0.540673887512,0
-0.441985826875,-0.574362386209,-0.420151686589,-0.583743365951,-0.17904271846,-0.632812813464,-0.323020916567,-0.582170190063,0
0.46689679435,0.702227025665,0.399720657441,0.694538669209,0.0707449098075,0.788590825586,0.252872434506,0.64230044176,0
0.323242129071,0.0641021569412,0.36851808636,0.0744829163694,0.641743787659,-0.0551642572122,0.49618391631,0.128457337204,0
-1.01847178149,-0.806321137081,-1.01253961282,-0.819508689768,-1.16496100395,-0.718376796394,-1.08956281303,-0.86329208793,0
0.963794812453,0.799576101314,0.925527299863,0.815107743095,1.04494315258,0.756412669085,0.978020174976,0.838028801477,0
-0.316095952677,-0.184635375856,-0.2781834309,-0.186118111398,-0.469782339248,-0.12742459337,-0.335705298166,-0.164399106004,0
-0.335397087659,-0.357131954573,-0.340897757548,-0.370212868173,-0.184964665498,-0.374673725538,-0.315614039874,-0.40377942073,0
0.564978092061,0.408711520783,0.537174922836,0.424768465018,0.592973920085,0.307727072366,0.592528984123,0.428827713756,0
-0.379604260151,-0.12971674571,-0.358486391084,-0.153593757805,-0.591993433584,0.00714870211674,-0.465090430077,-0.154135983399,0
0.068081291948,-0.138756746557,0.0774967534582,-0.105502271132,0.331455081639,-0.216885633812,0.170579017822,-0.0882762633621,0
0.169331785119,0.286613407706,0.147347414036,0.256518316941,-0.0358187631698,0.316820106432,0.0881988812508,0.240186897073,0
-0.287574888188,-0.349661377285,-0.270701582525,-0.322789617105,-0.171852261791,-0.32971924612,-0.220455234321,-0.289640110517,0
0.156530852088,0.250802317288,0.150670111107,0.228346241258,0.0483351114744,0.208273384342,0.0637251562184,0.161538921633,0
0.289277099239,0.0835001860815,0.276994630591,0.0801447086537,0.516202627729,0.0314319847706,0.425146906802,0.137761448011,0
-0.737192009634,-0.475462586554,-0.719447384704,-0.44616677258,-1.05054754801,-0.327753297793,-0.878280326475,-0.474883378817,0
0.809433769835,0.6387781031,0.813433789641,0.619966233831,1.03945774216,0.537953379789,0.902531607831,0.647461087931,0
-0.528416414885,-0.49548280748,-0.553889773634,-0.511521150038,-0.608652816423,-0.482251845143,-0.567277139576,-0.527668504432,0
0.191841988366,0.225298220268,0.220138247872,0.27224516191,0.189275944056,0.246335018358,0.214844362738,0.260903992285,0
-0.0209009327214,-0.0424721175257,-0.0439991526657,-0.101357810282,-0.00150884456495,-0.0853148639091,-0.0571061166409,-0.0997785603456,0
0.0517435066223,0.00210780062985,0.0570976497163,0.0330839860224,0.0658654380137,0.00877386036948,0.0916667468355,0.0522504683395,0
-0.122180870002,0.00451241810465,-0.100260187649,0.0293326161243,-0.192343779481,0.108026019993,-0.139265199206,0.0274208177723,0
0.081354663473,-0.0370637317238,0.0589645977254,-0.0849577505769,0.16201885231,-0.170002472295,0.0760407360338,-0.100276129097,0
-0.108189835317,-0.0580477078631,-0.118517898244,-0.0342243632767,-0.19066849995,0.00446453664166,-0.128422749238,-0.0224072871265,0
0.378034096856,0.35134165228,0.416094757489,0.344288939181,0.53048729743,0.309414447066,0.471950813858,0.327839335374,0
-0.535155103778,-0.509121711431,-0.57686245846,-0.486910496319,-0.721807454227,-0.45476361363,-0.668040299849,-0.475344206778,0
0.116015754396,0.150214062434,0.137235202908,0.107321794036,0.167093514536,0.134214931706,0.167873191025,0.108357568303,0
0.675648174836,0.54254869,0.697171169081,0.58596350386,0.854210606463,0.5284092422,0.797534539712,0.62289301753,0
-1.16834145942,-0.949926356849,-1.21816245524,-0.956568428752,-1.5160956065,-0.91141605067,-1.42776059766,-1.04835134403,0
0.999538487516,0.747007153936,1.02505613135,0.690926446183,1.36351692259,0.627398458302,1.2514362236,0.76157388656,0
-0.409594050867,-0.243563341195,-0.389843911981,-0.158995148031,-0.5905193418,-0.0996989062001,-0.515924237423,-0.15877306432,0
-0.0365705695189,-0.0150862599128,-0.0680738049351,-0.0639340848777,-0.129154550005,-0.0501197352126,-0.0962827890393,-0.109704421094,0
0.0118555581167,-0.145007765265,0.0187434463559,-0.145507103832,0.235077913508,-0.201391175301,0.13721812157,-0.0840827906229,0
0.22895151353,0.400930883921,0.260296658157,0.419139762092,0.0620757732219,0.46718588795,0.146752116584,0.382524198141,0
-0.26151462542,-0.402275169821,-0.319956628771,-0.416146091175,-0.17268972846,-0.48058156618,-0.238430587258,-0.445804395941,0
0.0805679191241,0.192383708802,0.123751018864,0.197418336144,0.0053928507068,0.257227416115,0.0573145267259,0.247120048144,0
0.0543178494017,-0.0444406008807,0.0599716191379,-0.0526924114035,0.163060667167,-0.0555853744767,0.126712537247,-0.0423163596243,0
-0.0599173104184,0.0592251905127,-0.0962118356743,0.09709710668,-0.228799106867,0.088212884855,-0.171297653745,0.0413095750228,0
0.0363318866996,-0.0780281374871,0.0689979533222,-0.142189126339,0.205135224434,-0.15993113561,0.132418119122,-0.0947178040752,0
-0.0979581037434,-0.0731562248602,-0.112561454181,-0.023559762496,-0.140734025458,-0.035705446432,-0.130843034538,-0.0578007012316,0
0.281894001778,0.352194090689,0.262908033468,0.335579939161,0.181048640106,0.388025921111,0.249501621407,0.351535026517,0
-0.443555068679,-0.527887939526,-0.381270769896,-0.529067529701,-0.292239306765,-0.576605051702,-0.378814746652,-0.517710148603,0
0.39509604623,0.445409951111,0.312071718931,0.457543219969,0.250496162777,0.511240579879,0.327237409631,0.447671718219,0
-0.228289620156,-0.240087231823,-0.148355183732,-0.259612895649,-0.107794811994,-0.311145314556,-0.164229218525,-0.253562139257,0
0.17610922854,0.174666919763,0.102180255009,0.18998044597,0.0726297766474,0.186083872096,0.10168639426,0.147690312568,0
-0.260816028871,-0.33036720216,-0.206125053002,-0.348397093735,-0.0917929937061,-0.334036619024,-0.153796993536,-0.284818712937,0
0.409132922495,0.584173960191,0.391819764117,0.616980725708,0.142085585532,0.664240745267,0.276831758133,0.581473175958,0
-0.62396760357,-0.779794954447,-0.635284693031,-0.812175356835,-0.415098102744,-0.855123521037,-0.525501643806,-0.800214524976,0
0.809604535809,0.809058264749,0.835997912355,0.828646347366,0.825237978633,0.790513374148,0.809366511985,0.828286326684,0
-0.790130660087,-0.652994116882,-0.830030559326,-0.671125048,-0.996841333944,-0.589919726242,-0.88667372902,-0.6927933139,0
0.544397887937,0.396938440239,0.580423551543,0.411840399297,0.771846881542,0.333716041815,0.660116967466,0.424508291138,0
-0.219452156947,-0.186586272436,-0.229645572808,-0.184636761264,-0.295503949662,-0.14553453273,-0.262940827146,-0.158941098479,0
0.0516805933264,0.169156757636,0.0440429494665,0.159461427196,-0.081827193939,0.214343750377,-0.000734926278083,0.136719857435,0
-0.254934540036,-0.388668177744,-0.248172878019,-0.386571018828,-0.0802797329646,-0.473635204957,-0.181079437627,-0.39488269384,0
0.638614168463,0.601822818503,0.644097537814,0.611869102062,0.677350878955,0.57710905607,0.650754210849,0.622311940314,0
-0.602402295984,-0.395881998512,-0.637093243353,-0.429127813389,-0.882442485675,-0.263519630221,-0.732096760279,-0.43207909649,0
-0.0925260815671,-0.293805592641,-0.031266448426,-0.238957990722,0.217695039908,-0.415807494453,0.0734250726644,-0.250111069566,0
0.911776440189,0.968960410282,0.86753893608,0.925675979913,0.779341799476,1.04258468416,0.832473143671,0.9920535286,0
-1.19486426444,-1.08706879185,-1.20136245773,-1.07297820161,-1.3220700585,-1.08474435939,-1.26400851007,-1.17985326082,0
0.881659824792,0.691835119017,0.928969302016,0.688855289066,1.18567408357,0.578350526146,1.05049936129,0.756634774221,0
-0.457703272024,-0.329417808657,-0.521817236122,-0.328860331265,-0.713154715559,-0.20156509203,-0.60872133878,-0.332258693553,0
0.36328059281,0.350961371711,0.41857754707,0.35893086993,0.431969001694,0.311151771922,0.418099412554,0.327506065993,0
-0.474941309098,-0.479948096863,-0.495838479947,-0.490146376862,-0.459054296304,-0.468063232276,-0.460779742277,-0.446461391847,0
0.269890353391,0.203078037365,0.261236469257,0.209727066729,0.32686325527,0.160601308313,0.274754998302,0.202392720279,0
0.390591962038,0.512243049886,0.40388035479,0.513169858482,0.224737333422,0.560831763393,0.312348469678,0.440206882422,0
-0.986194936917,-1.12173936421,-1.00583479945,-1.15282252007,-0.758861111574,-1.20686537636,-0.860970148552,-1.05134478487,0
1.04889663664,1.16187118555,1.08524846223,1.22895090648,0.858007013777,1.29582774447,0.95185706837,1.1719360572,0
-0.714535184129,-0.775119271788,-0.748663854516,-0.8366003089,-0.644933271608,-0.861810398589,-0.688144607484,-0.81445072571,0
0.398341263111,0.456895964901,0.409875429935,0.47564392914,0.375311497994,0.479579877211,0.402287634721,0.459525612038,0
-0.326875085685,-0.460745769146,-0.318592476249,-0.44101163391,-0.198151293199,-0.504293820482,-0.289600180447,-0.425743873018,0
0.383474862459,0.548251187259,0.364098554394,0.506290460062,0.172620302657,0.591311045549,0.299477362624,0.47154885843,0
-0.170690666958,-0.247308955671,-0.15674550075,-0.201402082721,-0.0553564539489,-0.224351531061,-0.114637103316,-0.159601479295,0
-0.593189362111,-0.652266866896,-0.583098265284,-0.680464571949,-0.500802706692,-0.707023779325,-0.551512480621,-0.665485004848,0
